{"vllm": {"working": false, "timestamp": 1767956606.0156097}, "ollama": {"working": false, "timestamp": 1767956610.1040845}, "github_models": {"working": false, "timestamp": 1767956610.6820416}}