{"vllm": {"working": false, "timestamp": 1767957591.1721275}, "ollama": {"working": false, "timestamp": 1767957595.2418785}, "github_models": {"working": false, "timestamp": 1767957595.7799766}}