{"vllm": {"working": false, "timestamp": 1767991750.4787421}, "__preferred__": {}, "ollama": {"working": false, "timestamp": 1767991750.4988196}, "github_models": {"working": false, "timestamp": 1767991751.3338163}}