{"vllm": {"working": false, "timestamp": 1767969903.4356177}, "__preferred__": {}, "ollama": {"working": false, "timestamp": 1767969905.528902}, "github_models": {"working": false, "timestamp": 1767969906.4445076}}