{"vllm": {"working": false, "timestamp": 1767993426.7398136}, "__preferred__": {}, "ollama": {"working": false, "timestamp": 1767993426.7616787}, "github_models": {"working": false, "timestamp": 1767993427.8227983}}